{
  "hiring": [
    {
      "id": 755,
      "listId": 2,
      "name": ""
    },
    {
      "id": 203,
      "listId": 2,
      "name": ""
    },
    {
      "id": 684,
      "listId": 1,
      "name": "Item 684"
    },
    {
      "id": 276,
      "listId": 1,
      "name": "Item 276"
    },
    {
      "id": 736,
      "listId": 3,
      "name": null
    },
    {
      "id": 926,
      "listId": 4,
      "name": null
    },
    {
      "id": 808,
      "listId": 4,
      "name": "Item 808"
    },
    {
      "id": 599,
      "listId": 1,
      "name": null
    },
    {
      "id": 424,
      "listId": 2,
      "name": null
    },
    {
      "id": 444,
      "listId": 1,
      "name": ""
    },
    {
      "id": 809,
      "listId": 3,
      "name": null
    },
    {
      "id": 293,
      "listId": 2,
      "name": null
    },
    {
      "id": 510,
      "listId": 2,
      "name": null
    },
    {
      "id": 680,
      "listId": 3,
      "name": "Item 680"
    },
    {
      "id": 231,
      "listId": 2,
      "name": null
    },
    {
      "id": 534,
      "listId": 4,
      "name": "Item 534"
    },
    {
      "id": 294,
      "listId": 4,
      "name": ""
    },
    {
      "id": 439,
      "listId": 1,
      "name": null
    },
    {
      "id": 156,
      "listId": 2,
      "name": null
    },
    {
      "id": 906,
      "listId": 2,
      "name": "Item 906"
    },
    {
      "id": 49,
      "listId": 2,
      "name": null
    },
    {
      "id": 48,
      "listId": 2,
      "name": null
    },
    {
      "id": 735,
      "listId": 1,
      "name": "Item 735"
    },
    {
      "id": 52,
      "listId": 2,
      "name": ""
    },
    {
      "id": 681,
      "listId": 4,
      "name": "Item 681"
    },
    {
      "id": 137,
      "listId": 3,
      "name": "Item 137"
    },
    {
      "id": 989,
      "listId": 1,
      "name": null
    },
    {
      "id": 94,
      "listId": 1,
      "name": ""
    },
    {
      "id": 177,
      "listId": 1,
      "name": null
    },
    {
      "id": 263,
      "listId": 1,
      "name": ""
    },
    {
      "id": 196,
      "listId": 1,
      "name": "Item 196"
    },
    {
      "id": 669,
      "listId": 2,
      "name": "Item 669"
    },
    {
      "id": 710,
      "listId": 3,
      "name": "Item 710"
    },
    {
      "id": 145,
      "listId": 1,
      "name": null
    },
    {
      "id": 92,
      "listId": 4,
      "name": null
    },
    {
      "id": 68,
      "listId": 3,
      "name": "Item 68"
    },
    {
      "id": 364,
      "listId": 2,
      "name": "Item 364"
    },
    {
      "id": 174,
      "listId": 2,
      "name": null
    },
    {
      "id": 406,
      "listId": 3,
      "name": "Item 406"
    },
    {
      "id": 394,
      "listId": 2,
      "name": "Item 394"
    },
    {
      "id": 624,
      "listId": 1,
      "name": ""
    },
    {
      "id": 969,
      "listId": 4,
      "name": "Item 969"
    },
    {
      "id": 947,
      "listId": 2,
      "name": ""
    },
    {
      "id": 743,
      "listId": 1,
      "name": null
    },
    {
      "id": 419,
      "listId": 1,
      "name": ""
    },
    {
      "id": 834,
      "listId": 4,
      "name": null
    },
    {
      "id": 91,
      "listId": 3,
      "name": ""
    },
    {
      "id": 163,
      "listId": 2,
      "name": ""
    },
    {
      "id": 471,
      "listId": 3,
      "name": "Item 471"
    },
    {
      "id": 442,
      "listId": 1,
      "name": ""
    },
    {
      "id": 205,
      "listId": 4,
      "name": null
    },
    {
      "id": 370,
      "listId": 1,
      "name": ""
    },
    {
      "id": 99,
      "listId": 3,
      "name": "Item 99"
    },
    {
      "id": 910,
      "listId": 2,
      "name": "Item 910"
    },
    {
      "id": 401,
      "listId": 4,
      "name": null
    },
    {
      "id": 535,
      "listId": 1,
      "name": ""
    },
    {
      "id": 466,
      "listId": 3,
      "name": "Item 466"
    },
    {
      "id": 706,
      "listId": 2,
      "name": ""
    },
    {
      "id": 711,
      "listId": 1,
      "name": null
    },
    {
      "id": 41,
      "listId": 1,
      "name": "Item 41"
    },
    {
      "id": 95,
      "listId": 4,
      "name": "Item 95"
    },
    {
      "id": 380,
      "listId": 2,
      "name": null
    },
    {
      "id": 157,
      "listId": 1,
      "name": "Item 157"
    },
    {
      "id": 248,
      "listId": 1,
      "name": null
    },
    {
      "id": 192,
      "listId": 3,
      "name": "Item 192"
    },
    {
      "id": 74,
      "listId": 3,
      "name": "Item 74"
    },
    {
      "id": 686,
      "listId": 3,
      "name": "Item 686"
    },
    {
      "id": 658,
      "listId": 1,
      "name": null
    },
    {
      "id": 792,
      "listId": 2,
      "name": ""
    },
    {
      "id": 639,
      "listId": 2,
      "name": "Item 639"
    },
    {
      "id": 740,
      "listId": 4,
      "name": "Item 740"
    },
    {
      "id": 986,
      "listId": 1,
      "name": ""
    },
    {
      "id": 373,
      "listId": 1,
      "name": null
    },
    {
      "id": 277,
      "listId": 3,
      "name": ""
    },
    {
      "id": 500,
      "listId": 4,
      "name": null
    },
    {
      "id": 918,
      "listId": 3,
      "name": "Item 918"
    },
    {
      "id": 27,
      "listId": 3,
      "name": "Item 27"
    },
    {
      "id": 854,
      "listId": 1,
      "name": ""
    },
    {
      "id": 429,
      "listId": 4,
      "name": null
    },
    {
      "id": 292,
      "listId": 3,
      "name": ""
    },
    {
      "id": 227,
      "listId": 1,
      "name": null
    },
    {
      "id": 245,
      "listId": 2,
      "name": null
    },
    {
      "id": 988,
      "listId": 4,
      "name": null
    },
    {
      "id": 450,
      "listId": 4,
      "name": "Item 450"
    },
    {
      "id": 508,
      "listId": 3,
      "name": ""
    },
    {
      "id": 767,
      "listId": 2,
      "name": ""
    },
    {
      "id": 797,
      "listId": 2,
      "name": null
    },
    {
      "id": 389,
      "listId": 3,
      "name": ""
    },
    {
      "id": 838,
      "listId": 1,
      "name": "Item 838"
    },
    {
      "id": 894,
      "listId": 3,
      "name": "Item 894"
    },
    {
      "id": 314,
      "listId": 3,
      "name": ""
    },
    {
      "id": 649,
      "listId": 2,
      "name": null
    },
    {
      "id": 580,
      "listId": 4,
      "name": null
    },
    {
      "id": 980,
      "listId": 2,
      "name": "Item 980"
    },
    {
      "id": 720,
      "listId": 4,
      "name": ""
    },
    {
      "id": 447,
      "listId": 1,
      "name": "Item 447"
    },
    {
      "id": 400,
      "listId": 2,
      "name": ""
    },
    {
      "id": 897,
      "listId": 4,
      "name": null
    },
    {
      "id": 479,
      "listId": 1,
      "name": "Item 479"
    },
    {
      "id": 478,
      "listId": 3,
      "name": null
    },
    {
      "id": 438,
      "listId": 2,
      "name": null
    },
    {
      "id": 663,
      "listId": 4,
      "name": "Item 663"
    },
    {
      "id": 962,
      "listId": 4,
      "name": "Item 962"
    },
    {
      "id": 868,
      "listId": 4,
      "name": null
    },
    {
      "id": 193,
      "listId": 1,
      "name": "Item 193"
    },
    {
      "id": 219,
      "listId": 2,
      "name": ""
    },
    {
      "id": 637,
      "listId": 2,
      "name": null
    },
    {
      "id": 454,
      "listId": 2,
      "name": ""
    },
    {
      "id": 9,
      "listId": 2,
      "name": ""
    },
    {
      "id": 756,
      "listId": 3,
      "name": null
    },
    {
      "id": 255,
      "listId": 2,
      "name": "Item 255"
    },
    {
      "id": 420,
      "listId": 2,
      "name": "Item 420"
    },
    {
      "id": 572,
      "listId": 1,
      "name": null
    },
    {
      "id": 893,
      "listId": 4,
      "name": null
    },
    {
      "id": 825,
      "listId": 1,
      "name": "Item 825"
    },
    {
      "id": 665,
      "listId": 1,
      "name": ""
    },
    {
      "id": 749,
      "listId": 4,
      "name": "Item 749"
    },
    {
      "id": 465,
      "listId": 1,
      "name": ""
    },
    {
      "id": 250,
      "listId": 4,
      "name": null
    },
    {
      "id": 150,
      "listId": 3,
      "name": null
    },
    {
      "id": 992,
      "listId": 2,
      "name": ""
    },
    {
      "id": 102,
      "listId": 3,
      "name": "Item 102"
    },
    {
      "id": 138,
      "listId": 3,
      "name": ""
    },
    {
      "id": 89,
      "listId": 4,
      "name": "Item 89"
    },
    {
      "id": 416,
      "listId": 3,
      "name": "Item 416"
    },
    {
      "id": 576,
      "listId": 4,
      "name": "Item 576"
    },
    {
      "id": 172,
      "listId": 4,
      "name": ""
    },
    {
      "id": 480,
      "listId": 3,
      "name": null
    },
    {
      "id": 912,
      "listId": 1,
      "name": "Item 912"
    },
    {
      "id": 602,
      "listId": 3,
      "name": "Item 602"
    },
    {
      "id": 977,
      "listId": 4,
      "name": null
    },
    {
      "id": 700,
      "listId": 2,
      "name": ""
    },
    {
      "id": 468,
      "listId": 3,
      "name": null
    },
    {
      "id": 305,
      "listId": 1,
      "name": null
    },
    {
      "id": 142,
      "listId": 3,
      "name": null
    },
    {
      "id": 70,
      "listId": 1,
      "name": "Item 70"
    },
    {
      "id": 71,
      "listId": 3,
      "name": "Item 71"
    },
    {
      "id": 334,
      "listId": 2,
      "name": ""
    },
    {
      "id": 397,
      "listId": 1,
      "name": "Item 397"
    },
    {
      "id": 773,
      "listId": 1,
      "name": null
    },
    {
      "id": 449,
      "listId": 1,
      "name": ""
    },
    {
      "id": 362,
      "listId": 2,
      "name": ""
    },
    {
      "id": 502,
      "listId": 1,
      "name": null
    },
    {
      "id": 646,
      "listId": 4,
      "name": null
    },
    {
      "id": 446,
      "listId": 3,
      "name": ""
    },
    {
      "id": 87,
      "listId": 4,
      "name": ""
    },
    {
      "id": 571,
      "listId": 2,
      "name": null
    },
    {
      "id": 901,
      "listId": 2,
      "name": "Item 901"
    },
    {
      "id": 642,
      "listId": 1,
      "name": "Item 642"
    },
    {
      "id": 45,
      "listId": 2,
      "name": ""
    },
    {
      "id": 913,
      "listId": 3,
      "name": null
    },
    {
      "id": 200,
      "listId": 1,
      "name": "Item 200"
    },
    {
      "id": 338,
      "listId": 2,
      "name": ""
    },
    {
      "id": 925,
      "listId": 3,
      "name": ""
    },
    {
      "id": 683,
      "listId": 1,
      "name": ""
    },
    {
      "id": 204,
      "listId": 2,
      "name": ""
    },
    {
      "id": 941,
      "listId": 3,
      "name": "Item 941"
    },
    {
      "id": 254,
      "listId": 2,
      "name": null
    },
    {
      "id": 208,
      "listId": 3,
      "name": "Item 208"
    },
    {
      "id": 333,
      "listId": 3,
      "name": ""
    },
    {
      "id": 561,
      "listId": 3,
      "name": ""
    },
    {
      "id": 939,
      "listId": 1,
      "name": ""
    },
    {
      "id": 274,
      "listId": 3,
      "name": ""
    },
    {
      "id": 715,
      "listId": 4,
      "name": "Item 715"
    },
    {
      "id": 770,
      "listId": 3,
      "name": ""
    },
    {
      "id": 5,
      "listId": 3,
      "name": "Item 5"
    },
    {
      "id": 833,
      "listId": 3,
      "name": "Item 833"
    },
    {
      "id": 814,
      "listId": 3,
      "name": ""
    },
    {
      "id": 23,
      "listId": 1,
      "name": null
    },
    {
      "id": 327,
      "listId": 4,
      "name": ""
    },
    {
      "id": 73,
      "listId": 4,
      "name": "Item 73"
    },
    {
      "id": 940,
      "listId": 4,
      "name": null
    },
    {
      "id": 253,
      "listId": 2,
      "name": null
    },
    {
      "id": 644,
      "listId": 2,
      "name": ""
    },
    {
      "id": 860,
      "listId": 4,
      "name": null
    },
    {
      "id": 152,
      "listId": 1,
      "name": null
    },
    {
      "id": 707,
      "listId": 3,
      "name": null
    },
    {
      "id": 185,
      "listId": 3,
      "name": ""
    },
    {
      "id": 815,
      "listId": 1,
      "name": "Item 815"
    },
    {
      "id": 831,
      "listId": 2,
      "name": "Item 831"
    },
    {
      "id": 577,
      "listId": 4,
      "name": null
    },
    {
      "id": 236,
      "listId": 4,
      "name": "Item 236"
    },
    {
      "id": 922,
      "listId": 2,
      "name": ""
    },
    {
      "id": 358,
      "listId": 1,
      "name": null
    },
    {
      "id": 144,
      "listId": 1,
      "name": null
    },
    {
      "id": 699,
      "listId": 3,
      "name": "Item 699"
    },
    {
      "id": 828,
      "listId": 3,
      "name": ""
    },
    {
      "id": 366,
      "listId": 1,
      "name": null
    },
    {
      "id": 779,
      "listId": 1,
      "name": ""
    },
    {
      "id": 317,
      "listId": 2,
      "name": ""
    },
    {
      "id": 316,
      "listId": 3,
      "name": ""
    },
    {
      "id": 28,
      "listId": 1,
      "name": "Item 28"
    },
    {
      "id": 944,
      "listId": 1,
      "name": null
    },
    {
      "id": 226,
      "listId": 3,
      "name": "Item 226"
    },
    {
      "id": 943,
      "listId": 1,
      "name": ""
    },
    {
      "id": 721,
      "listId": 4,
      "name": ""
    },
    {
      "id": 873,
      "listId": 2,
      "name": null
    },
    {
      "id": 359,
      "listId": 2,
      "name": null
    },
    {
      "id": 769,
      "listId": 4,
      "name": null
    },
    {
      "id": 0,
      "listId": 1,
      "name": "Item 0"
    },
    {
      "id": 286,
      "listId": 4,
      "name": ""
    },
    {
      "id": 215,
      "listId": 1,
      "name": ""
    },
    {
      "id": 942,
      "listId": 3,
      "name": "Item 942"
    },
    {
      "id": 817,
      "listId": 4,
      "name": "Item 817"
    },
    {
      "id": 173,
      "listId": 2,
      "name": ""
    },
    {
      "id": 125,
      "listId": 2,
      "name": ""
    },
    {
      "id": 733,
      "listId": 3,
      "name": null
    },
    {
      "id": 56,
      "listId": 1,
      "name": null
    },
    {
      "id": 966,
      "listId": 3,
      "name": null
    },
    {
      "id": 575,
      "listId": 4,
      "name": "Item 575"
    },
    {
      "id": 623,
      "listId": 4,
      "name": ""
    },
    {
      "id": 578,
      "listId": 2,
      "name": "Item 578"
    },
    {
      "id": 633,
      "listId": 4,
      "name": "Item 633"
    },
    {
      "id": 725,
      "listId": 2,
      "name": "Item 725"
    },
    {
      "id": 302,
      "listId": 4,
      "name": null
    },
    {
      "id": 657,
      "listId": 4,
      "name": ""
    },
    {
      "id": 688,
      "listId": 1,
      "name": "Item 688"
    },
    {
      "id": 569,
      "listId": 3,
      "name": ""
    },
    {
      "id": 850,
      "listId": 1,
      "name": ""
    },
    {
      "id": 63,
      "listId": 1,
      "name": null
    },
    {
      "id": 43,
      "listId": 2,
      "name": "Item 43"
    },
    {
      "id": 470,
      "listId": 3,
      "name": null
    },
    {
      "id": 927,
      "listId": 4,
      "name": "Item 927"
    },
    {
      "id": 413,
      "listId": 1,
      "name": "Item 413"
    },
    {
      "id": 562,
      "listId": 4,
      "name": null
    },
    {
      "id": 463,
      "listId": 4,
      "name": "Item 463"
    },
    {
      "id": 440,
      "listId": 2,
      "name": "Item 440"
    },
    {
      "id": 551,
      "listId": 4,
      "name": "Item 551"
    },
    {
      "id": 130,
      "listId": 4,
      "name": null
    },
    {
      "id": 240,
      "listId": 2,
      "name": ""
    },
    {
      "id": 824,
      "listId": 4,
      "name": "Item 824"
    },
    {
      "id": 804,
      "listId": 2,
      "name": null
    },
    {
      "id": 695,
      "listId": 3,
      "name": null
    },
    {
      "id": 954,
      "listId": 3,
      "name": ""
    },
    {
      "id": 588,
      "listId": 3,
      "name": ""
    },
    {
      "id": 418,
      "listId": 2,
      "name": ""
    },
    {
      "id": 919,
      "listId": 4,
      "name": ""
    },
    {
      "id": 714,
      "listId": 4,
      "name": "Item 714"
    },
    {
      "id": 489,
      "listId": 4,
      "name": null
    },
    {
      "id": 670,
      "listId": 1,
      "name": null
    },
    {
      "id": 309,
      "listId": 3,
      "name": null
    },
    {
      "id": 991,
      "listId": 1,
      "name": null
    },
    {
      "id": 374,
      "listId": 3,
      "name": "Item 374"
    },
    {
      "id": 69,
      "listId": 4,
      "name": "Item 69"
    },
    {
      "id": 217,
      "listId": 2,
      "name": null
    },
    {
      "id": 846,
      "listId": 3,
      "name": ""
    },
    {
      "id": 524,
      "listId": 1,
      "name": "Item 524"
    },
    {
      "id": 999,
      "listId": 3,
      "name": null
    },
    {
      "id": 282,
      "listId": 3,
      "name": ""
    },
    {
      "id": 537,
      "listId": 4,
      "name": ""
    },
    {
      "id": 16,
      "listId": 2,
      "name": null
    },
    {
      "id": 1,
      "listId": 4,
      "name": "Item 1"
    },
    {
      "id": 726,
      "listId": 4,
      "name": "Item 726"
    },
    {
      "id": 417,
      "listId": 3,
      "name": "Item 417"
    },
    {
      "id": 547,
      "listId": 2,
      "name": ""
    },
    {
      "id": 243,
      "listId": 2,
      "name": ""
    },
    {
      "id": 349,
      "listId": 2,
      "name": null
    },
    {
      "id": 188,
      "listId": 2,
      "name": "Item 188"
    },
    {
      "id": 162,
      "listId": 2,
      "name": ""
    },
    {
      "id": 525,
      "listId": 4,
      "name": "Item 525"
    },
    {
      "id": 517,
      "listId": 1,
      "name": ""
    },
    {
      "id": 238,
      "listId": 1,
      "name": "Item 238"
    },
    {
      "id": 39,
      "listId": 1,
      "name": "Item 39"
    },
    {
      "id": 605,
      "listId": 2,
      "name": ""
    },
    {
      "id": 312,
      "listId": 3,
      "name": null
    },
    {
      "id": 202,
      "listId": 3,
      "name": "Item 202"
    },
    {
      "id": 678,
      "listId": 1,
      "name": "Item 678"
    },
    {
      "id": 235,
      "listId": 3,
      "name": "Item 235"
    },
    {
      "id": 273,
      "listId": 4,
      "name": "Item 273"
    },
    {
      "id": 973,
      "listId": 2,
      "name": "Item 973"
    },
    {
      "id": 857,
      "listId": 3,
      "name": null
    },
    {
      "id": 750,
      "listId": 1,
      "name": ""
    },
    {
      "id": 903,
      "listId": 1,
      "name": ""
    },
    {
      "id": 320,
      "listId": 4,
      "name": "Item 320"
    },
    {
      "id": 123,
      "listId": 1,
      "name": ""
    },
    {
      "id": 304,
      "listId": 4,
      "name": ""
    },
    {
      "id": 353,
      "listId": 4,
      "name": null
    },
    {
      "id": 775,
      "listId": 3,
      "name": null
    },
    {
      "id": 330,
      "listId": 1,
      "name": ""
    },
    {
      "id": 473,
      "listId": 1,
      "name": "Item 473"
    },
    {
      "id": 861,
      "listId": 1,
      "name": "Item 861"
    },
    {
      "id": 626,
      "listId": 4,
      "name": ""
    },
    {
      "id": 584,
      "listId": 1,
      "name": ""
    },
    {
      "id": 64,
      "listId": 2,
      "name": ""
    },
    {
      "id": 608,
      "listId": 1,
      "name": ""
    },
    {
      "id": 476,
      "listId": 3,
      "name": "Item 476"
    },
    {
      "id": 210,
      "listId": 1,
      "name": ""
    },
    {
      "id": 301,
      "listId": 3,
      "name": null
    },
    {
      "id": 784,
      "listId": 4,
      "name": "Item 784"
    },
    {
      "id": 161,
      "listId": 4,
      "name": "Item 161"
    },
    {
      "id": 474,
      "listId": 3,
      "name": null
    },
    {
      "id": 381,
      "listId": 3,
      "name": null
    },
    {
      "id": 660,
      "listId": 4,
      "name": null
    },
    {
      "id": 806,
      "listId": 4,
      "name": ""
    },
    {
      "id": 967,
      "listId": 4,
      "name": null
    },
    {
      "id": 597,
      "listId": 4,
      "name": "Item 597"
    },
    {
      "id": 789,
      "listId": 3,
      "name": null
    },
    {
      "id": 475,
      "listId": 4,
      "name": "Item 475"
    },
    {
      "id": 841,
      "listId": 2,
      "name": ""
    },
    {
      "id": 195,
      "listId": 4,
      "name": null
    },
    {
      "id": 718,
      "listId": 3,
      "name": ""
    },
    {
      "id": 514,
      "listId": 2,
      "name": ""
    },
    {
      "id": 560,
      "listId": 3,
      "name": null
    },
    {
      "id": 566,
      "listId": 3,
      "name": ""
    },
    {
      "id": 103,
      "listId": 3,
      "name": null
    },
    {
      "id": 635,
      "listId": 1,
      "name": "Item 635"
    },
    {
      "id": 298,
      "listId": 4,
      "name": null
    },
    {
      "id": 456,
      "listId": 1,
      "name": "Item 456"
    },
    {
      "id": 58,
      "listId": 1,
      "name": null
    },
    {
      "id": 425,
      "listId": 4,
      "name": ""
    },
    {
      "id": 33,
      "listId": 2,
      "name": null
    },
    {
      "id": 496,
      "listId": 1,
      "name": "Item 496"
    },
    {
      "id": 889,
      "listId": 2,
      "name": ""
    },
    {
      "id": 959,
      "listId": 1,
      "name": ""
    },
    {
      "id": 93,
      "listId": 2,
      "name": null
    },
    {
      "id": 598,
      "listId": 4,
      "name": ""
    },
    {
      "id": 896,
      "listId": 3,
      "name": null
    },
    {
      "id": 251,
      "listId": 2,
      "name": null
    },
    {
      "id": 650,
      "listId": 4,
      "name": "Item 650"
    },
    {
      "id": 902,
      "listId": 3,
      "name": null
    },
    {
      "id": 178,
      "listId": 3,
      "name": ""
    },
    {
      "id": 228,
      "listId": 1,
      "name": ""
    },
    {
      "id": 481,
      "listId": 4,
      "name": ""
    },
    {
      "id": 501,
      "listId": 2,
      "name": ""
    },
    {
      "id": 881,
      "listId": 3,
      "name": null
    },
    {
      "id": 697,
      "listId": 4,
      "name": "Item 697"
    },
    {
      "id": 311,
      "listId": 4,
      "name": ""
    },
    {
      "id": 601,
      "listId": 3,
      "name": "Item 601"
    },
    {
      "id": 315,
      "listId": 3,
      "name": null
    },
    {
      "id": 388,
      "listId": 2,
      "name": "Item 388"
    },
    {
      "id": 895,
      "listId": 4,
      "name": ""
    },
    {
      "id": 17,
      "listId": 1,
      "name": ""
    },
    {
      "id": 600,
      "listId": 1,
      "name": "Item 600"
    },
    {
      "id": 662,
      "listId": 1,
      "name": "Item 662"
    },
    {
      "id": 132,
      "listId": 3,
      "name": "Item 132"
    },
    {
      "id": 905,
      "listId": 3,
      "name": "Item 905"
    },
    {
      "id": 498,
      "listId": 4,
      "name": ""
    },
    {
      "id": 796,
      "listId": 2,
      "name": null
    },
    {
      "id": 249,
      "listId": 1,
      "name": ""
    },
    {
      "id": 952,
      "listId": 1,
      "name": ""
    },
    {
      "id": 520,
      "listId": 1,
      "name": "Item 520"
    },
    {
      "id": 452,
      "listId": 2,
      "name": "Item 452"
    },
    {
      "id": 819,
      "listId": 4,
      "name": null
    },
    {
      "id": 643,
      "listId": 4,
      "name": ""
    },
    {
      "id": 629,
      "listId": 3,
      "name": null
    },
    {
      "id": 519,
      "listId": 4,
      "name": null
    },
    {
      "id": 691,
      "listId": 4,
      "name": ""
    },
    {
      "id": 734,
      "listId": 3,
      "name": "Item 734"
    },
    {
      "id": 694,
      "listId": 3,
      "name": "Item 694"
    },
    {
      "id": 545,
      "listId": 1,
      "name": "Item 545"
    },
    {
      "id": 513,
      "listId": 1,
      "name": ""
    },
    {
      "id": 25,
      "listId": 4,
      "name": "Item 25"
    },
    {
      "id": 935,
      "listId": 4,
      "name": null
    },
    {
      "id": 565,
      "listId": 3,
      "name": "Item 565"
    },
    {
      "id": 337,
      "listId": 1,
      "name": null
    },
    {
      "id": 213,
      "listId": 3,
      "name": ""
    },
    {
      "id": 778,
      "listId": 2,
      "name": "Item 778"
    },
    {
      "id": 689,
      "listId": 1,
      "name": null
    },
    {
      "id": 453,
      "listId": 2,
      "name": null
    },
    {
      "id": 553,
      "listId": 1,
      "name": ""
    },
    {
      "id": 272,
      "listId": 1,
      "name": null
    },
    {
      "id": 275,
      "listId": 3,
      "name": "Item 275"
    },
    {
      "id": 848,
      "listId": 4,
      "name": null
    },
    {
      "id": 958,
      "listId": 4,
      "name": "Item 958"
    },
    {
      "id": 951,
      "listId": 3,
      "name": ""
    },
    {
      "id": 613,
      "listId": 3,
      "name": null
    },
    {
      "id": 78,
      "listId": 2,
      "name": null
    },
    {
      "id": 993,
      "listId": 4,
      "name": null
    },
    {
      "id": 568,
      "listId": 1,
      "name": "Item 568"
    },
    {
      "id": 106,
      "listId": 2,
      "name": ""
    },
    {
      "id": 280,
      "listId": 1,
      "name": "Item 280"
    },
    {
      "id": 313,
      "listId": 2,
      "name": ""
    },
    {
      "id": 795,
      "listId": 1,
      "name": null
    },
    {
      "id": 661,
      "listId": 3,
      "name": "Item 661"
    },
    {
      "id": 244,
      "listId": 3,
      "name": null
    },
    {
      "id": 126,
      "listId": 2,
      "name": ""
    },
    {
      "id": 628,
      "listId": 3,
      "name": ""
    },
    {
      "id": 975,
      "listId": 3,
      "name": "Item 975"
    },
    {
      "id": 820,
      "listId": 1,
      "name": ""
    },
    {
      "id": 544,
      "listId": 3,
      "name": null
    },
    {
      "id": 427,
      "listId": 4,
      "name": "Item 427"
    },
    {
      "id": 917,
      "listId": 3,
      "name": ""
    },
    {
      "id": 813,
      "listId": 3,
      "name": null
    },
    {
      "id": 207,
      "listId": 4,
      "name": "Item 207"
    },
    {
      "id": 744,
      "listId": 3,
      "name": ""
    },
    {
      "id": 65,
      "listId": 2,
      "name": "Item 65"
    },
    {
      "id": 729,
      "listId": 4,
      "name": null
    },
    {
      "id": 113,
      "listId": 1,
      "name": ""
    },
    {
      "id": 653,
      "listId": 4,
      "name": "Item 653"
    },
    {
      "id": 344,
      "listId": 2,
      "name": "Item 344"
    },
    {
      "id": 771,
      "listId": 4,
      "name": ""
    },
    {
      "id": 32,
      "listId": 3,
      "name": "Item 32"
    },
    {
      "id": 484,
      "listId": 4,
      "name": "Item 484"
    },
    {
      "id": 398,
      "listId": 4,
      "name": null
    },
    {
      "id": 788,
      "listId": 4,
      "name": ""
    },
    {
      "id": 308,
      "listId": 4,
      "name": ""
    },
    {
      "id": 518,
      "listId": 3,
      "name": ""
    },
    {
      "id": 299,
      "listId": 2,
      "name": ""
    },
    {
      "id": 405,
      "listId": 4,
      "name": null
    },
    {
      "id": 674,
      "listId": 1,
      "name": ""
    },
    {
      "id": 115,
      "listId": 1,
      "name": null
    },
    {
      "id": 937,
      "listId": 4,
      "name": "Item 937"
    },
    {
      "id": 11,
      "listId": 4,
      "name": null
    },
    {
      "id": 752,
      "listId": 4,
      "name": "Item 752"
    },
    {
      "id": 858,
      "listId": 3,
      "name": "Item 858"
    },
    {
      "id": 911,
      "listId": 3,
      "name": null
    },
    {
      "id": 567,
      "listId": 2,
      "name": ""
    },
    {
      "id": 981,
      "listId": 4,
      "name": null
    },
    {
      "id": 880,
      "listId": 4,
      "name": ""
    },
    {
      "id": 26,
      "listId": 3,
      "name": "Item 26"
    },
    {
      "id": 793,
      "listId": 2,
      "name": null
    },
    {
      "id": 970,
      "listId": 2,
      "name": "Item 970"
    },
    {
      "id": 780,
      "listId": 4,
      "name": null
    },
    {
      "id": 540,
      "listId": 3,
      "name": ""
    },
    {
      "id": 295,
      "listId": 1,
      "name": ""
    },
    {
      "id": 361,
      "listId": 3,
      "name": ""
    },
    {
      "id": 55,
      "listId": 4,
      "name": null
    },
    {
      "id": 934,
      "listId": 3,
      "name": "Item 934"
    },
    {
      "id": 84,
      "listId": 3,
      "name": ""
    },
    {
      "id": 371,
      "listId": 2,
      "name": null
    },
    {
      "id": 949,
      "listId": 3,
      "name": ""
    },
    {
      "id": 702,
      "listId": 4,
      "name": "Item 702"
    },
    {
      "id": 829,
      "listId": 2,
      "name": null
    },
    {
      "id": 656,
      "listId": 2,
      "name": "Item 656"
    },
    {
      "id": 96,
      "listId": 4,
      "name": ""
    },
    {
      "id": 31,
      "listId": 1,
      "name": ""
    },
    {
      "id": 229,
      "listId": 3,
      "name": ""
    },
    {
      "id": 220,
      "listId": 3,
      "name": ""
    },
    {
      "id": 687,
      "listId": 2,
      "name": null
    },
    {
      "id": 127,
      "listId": 2,
      "name": null
    },
    {
      "id": 66,
      "listId": 2,
      "name": ""
    },
    {
      "id": 818,
      "listId": 2,
      "name": null
    },
    {
      "id": 363,
      "listId": 2,
      "name": ""
    },
    {
      "id": 242,
      "listId": 4,
      "name": null
    },
    {
      "id": 655,
      "listId": 3,
      "name": null
    },
    {
      "id": 739,
      "listId": 2,
      "name": "Item 739"
    },
    {
      "id": 7,
      "listId": 1,
      "name": null
    },
    {
      "id": 968,
      "listId": 4,
      "name": ""
    },
    {
      "id": 564,
      "listId": 4,
      "name": "Item 564"
    },
    {
      "id": 830,
      "listId": 2,
      "name": null
    },
    {
      "id": 812,
      "listId": 4,
      "name": ""
    },
    {
      "id": 593,
      "listId": 2,
      "name": ""
    },
    {
      "id": 705,
      "listId": 4,
      "name": ""
    },
    {
      "id": 837,
      "listId": 3,
      "name": null
    },
    {
      "id": 869,
      "listId": 2,
      "name": null
    },
    {
      "id": 840,
      "listId": 1,
      "name": null
    },
    {
      "id": 785,
      "listId": 1,
      "name": ""
    },
    {
      "id": 716,
      "listId": 1,
      "name": ""
    },
    {
      "id": 709,
      "listId": 3,
      "name": "Item 709"
    },
    {
      "id": 120,
      "listId": 3,
      "name": ""
    },
    {
      "id": 887,
      "listId": 2,
      "name": "Item 887"
    },
    {
      "id": 319,
      "listId": 1,
      "name": ""
    },
    {
      "id": 154,
      "listId": 2,
      "name": "Item 154"
    },
    {
      "id": 764,
      "listId": 1,
      "name": null
    },
    {
      "id": 507,
      "listId": 2,
      "name": ""
    },
    {
      "id": 256,
      "listId": 3,
      "name": "Item 256"
    },
    {
      "id": 114,
      "listId": 4,
      "name": "Item 114"
    },
    {
      "id": 168,
      "listId": 2,
      "name": "Item 168"
    },
    {
      "id": 821,
      "listId": 4,
      "name": ""
    },
    {
      "id": 839,
      "listId": 4,
      "name": null
    },
    {
      "id": 82,
      "listId": 4,
      "name": ""
    },
    {
      "id": 787,
      "listId": 1,
      "name": "Item 787"
    },
    {
      "id": 340,
      "listId": 3,
      "name": null
    },
    {
      "id": 842,
      "listId": 4,
      "name": null
    },
    {
      "id": 224,
      "listId": 1,
      "name": "Item 224"
    },
    {
      "id": 269,
      "listId": 1,
      "name": "Item 269"
    },
    {
      "id": 491,
      "listId": 2,
      "name": null
    },
    {
      "id": 924,
      "listId": 2,
      "name": ""
    },
    {
      "id": 422,
      "listId": 2,
      "name": ""
    },
    {
      "id": 451,
      "listId": 1,
      "name": "Item 451"
    },
    {
      "id": 199,
      "listId": 4,
      "name": ""
    },
    {
      "id": 30,
      "listId": 2,
      "name": null
    },
    {
      "id": 866,
      "listId": 2,
      "name": ""
    },
    {
      "id": 462,
      "listId": 3,
      "name": null
    },
    {
      "id": 675,
      "listId": 4,
      "name": null
    },
    {
      "id": 641,
      "listId": 4,
      "name": "Item 641"
    },
    {
      "id": 262,
      "listId": 1,
      "name": "Item 262"
    },
    {
      "id": 143,
      "listId": 2,
      "name": "Item 143"
    },
    {
      "id": 904,
      "listId": 3,
      "name": null
    },
    {
      "id": 467,
      "listId": 2,
      "name": ""
    },
    {
      "id": 141,
      "listId": 3,
      "name": null
    },
    {
      "id": 348,
      "listId": 4,
      "name": ""
    },
    {
      "id": 218,
      "listId": 3,
      "name": "Item 218"
    },
    {
      "id": 591,
      "listId": 4,
      "name": ""
    },
    {
      "id": 741,
      "listId": 2,
      "name": null
    },
    {
      "id": 621,
      "listId": 4,
      "name": null
    },
    {
      "id": 136,
      "listId": 1,
      "name": "Item 136"
    },
    {
      "id": 529,
      "listId": 4,
      "name": ""
    },
    {
      "id": 748,
      "listId": 3,
      "name": ""
    },
    {
      "id": 799,
      "listId": 1,
      "name": "Item 799"
    },
    {
      "id": 704,
      "listId": 3,
      "name": null
    },
    {
      "id": 761,
      "listId": 1,
      "name": null
    },
    {
      "id": 974,
      "listId": 2,
      "name": null
    },
    {
      "id": 984,
      "listId": 3,
      "name": "Item 984"
    },
    {
      "id": 543,
      "listId": 3,
      "name": "Item 543"
    },
    {
      "id": 549,
      "listId": 1,
      "name": null
    },
    {
      "id": 640,
      "listId": 4,
      "name": null
    },
    {
      "id": 153,
      "listId": 1,
      "name": "Item 153"
    },
    {
      "id": 209,
      "listId": 4,
      "name": ""
    },
    {
      "id": 677,
      "listId": 4,
      "name": ""
    },
    {
      "id": 287,
      "listId": 4,
      "name": null
    },
    {
      "id": 493,
      "listId": 4,
      "name": "Item 493"
    },
    {
      "id": 844,
      "listId": 4,
      "name": ""
    },
    {
      "id": 883,
      "listId": 3,
      "name": ""
    },
    {
      "id": 559,
      "listId": 3,
      "name": "Item 559"
    },
    {
      "id": 781,
      "listId": 4,
      "name": ""
    },
    {
      "id": 617,
      "listId": 1,
      "name": "Item 617"
    },
    {
      "id": 169,
      "listId": 2,
      "name": null
    },
    {
      "id": 189,
      "listId": 1,
      "name": "Item 189"
    },
    {
      "id": 10,
      "listId": 2,
      "name": null
    },
    {
      "id": 690,
      "listId": 2,
      "name": "Item 690"
    },
    {
      "id": 888,
      "listId": 4,
      "name": ""
    },
    {
      "id": 318,
      "listId": 4,
      "name": "Item 318"
    },
    {
      "id": 731,
      "listId": 1,
      "name": ""
    },
    {
      "id": 357,
      "listId": 3,
      "name": ""
    },
    {
      "id": 585,
      "listId": 1,
      "name": ""
    },
    {
      "id": 459,
      "listId": 3,
      "name": "Item 459"
    },
    {
      "id": 135,
      "listId": 4,
      "name": null
    },
    {
      "id": 945,
      "listId": 4,
      "name": ""
    },
    {
      "id": 801,
      "listId": 2,
      "name": null
    },
    {
      "id": 258,
      "listId": 2,
      "name": ""
    },
    {
      "id": 768,
      "listId": 2,
      "name": ""
    },
    {
      "id": 198,
      "listId": 4,
      "name": ""
    },
    {
      "id": 257,
      "listId": 2,
      "name": ""
    },
    {
      "id": 216,
      "listId": 4,
      "name": null
    },
    {
      "id": 264,
      "listId": 4,
      "name": null
    },
    {
      "id": 369,
      "listId": 1,
      "name": ""
    },
    {
      "id": 53,
      "listId": 1,
      "name": null
    },
    {
      "id": 550,
      "listId": 2,
      "name": ""
    },
    {
      "id": 59,
      "listId": 4,
      "name": null
    },
    {
      "id": 375,
      "listId": 2,
      "name": ""
    },
    {
      "id": 307,
      "listId": 1,
      "name": ""
    },
    {
      "id": 712,
      "listId": 3,
      "name": "Item 712"
    },
    {
      "id": 232,
      "listId": 3,
      "name": ""
    },
    {
      "id": 12,
      "listId": 3,
      "name": "Item 12"
    },
    {
      "id": 233,
      "listId": 3,
      "name": null
    },
    {
      "id": 589,
      "listId": 2,
      "name": null
    },
    {
      "id": 746,
      "listId": 3,
      "name": ""
    },
    {
      "id": 246,
      "listId": 3,
      "name": ""
    },
    {
      "id": 325,
      "listId": 2,
      "name": null
    },
    {
      "id": 392,
      "listId": 2,
      "name": null
    },
    {
      "id": 234,
      "listId": 1,
      "name": ""
    },
    {
      "id": 223,
      "listId": 4,
      "name": null
    },
    {
      "id": 40,
      "listId": 3,
      "name": null
    },
    {
      "id": 972,
      "listId": 1,
      "name": null
    },
    {
      "id": 46,
      "listId": 3,
      "name": ""
    },
    {
      "id": 42,
      "listId": 4,
      "name": ""
    },
    {
      "id": 862,
      "listId": 4,
      "name": null
    },
    {
      "id": 160,
      "listId": 2,
      "name": "Item 160"
    },
    {
      "id": 98,
      "listId": 1,
      "name": ""
    },
    {
      "id": 898,
      "listId": 2,
      "name": ""
    },
    {
      "id": 403,
      "listId": 2,
      "name": ""
    },
    {
      "id": 956,
      "listId": 3,
      "name": "Item 956"
    },
    {
      "id": 15,
      "listId": 4,
      "name": null
    },
    {
      "id": 410,
      "listId": 1,
      "name": null
    },
    {
      "id": 184,
      "listId": 4,
      "name": ""
    },
    {
      "id": 713,
      "listId": 4,
      "name": null
    },
    {
      "id": 310,
      "listId": 3,
      "name": "Item 310"
    },
    {
      "id": 391,
      "listId": 4,
      "name": ""
    },
    {
      "id": 979,
      "listId": 1,
      "name": null
    },
    {
      "id": 289,
      "listId": 2,
      "name": null
    },
    {
      "id": 288,
      "listId": 2,
      "name": ""
    },
    {
      "id": 802,
      "listId": 2,
      "name": null
    },
    {
      "id": 607,
      "listId": 4,
      "name": null
    },
    {
      "id": 732,
      "listId": 3,
      "name": ""
    },
    {
      "id": 851,
      "listId": 3,
      "name": ""
    },
    {
      "id": 946,
      "listId": 4,
      "name": ""
    },
    {
      "id": 83,
      "listId": 4,
      "name": "Item 83"
    },
    {
      "id": 871,
      "listId": 2,
      "name": null
    },
    {
      "id": 521,
      "listId": 1,
      "name": ""
    },
    {
      "id": 107,
      "listId": 1,
      "name": ""
    },
    {
      "id": 961,
      "listId": 2,
      "name": ""
    },
    {
      "id": 328,
      "listId": 2,
      "name": null
    },
    {
      "id": 88,
      "listId": 1,
      "name": "Item 88"
    },
    {
      "id": 155,
      "listId": 1,
      "name": null
    },
    {
      "id": 151,
      "listId": 3,
      "name": "Item 151"
    },
    {
      "id": 504,
      "listId": 3,
      "name": ""
    },
    {
      "id": 110,
      "listId": 1,
      "name": "Item 110"
    },
    {
      "id": 180,
      "listId": 2,
      "name": ""
    },
    {
      "id": 596,
      "listId": 1,
      "name": ""
    },
    {
      "id": 326,
      "listId": 3,
      "name": "Item 326"
    },
    {
      "id": 800,
      "listId": 4,
      "name": null
    },
    {
      "id": 907,
      "listId": 3,
      "name": "Item 907"
    },
    {
      "id": 863,
      "listId": 1,
      "name": null
    },
    {
      "id": 100,
      "listId": 4,
      "name": ""
    },
    {
      "id": 122,
      "listId": 2,
      "name": "Item 122"
    },
    {
      "id": 409,
      "listId": 1,
      "name": null
    },
    {
      "id": 455,
      "listId": 2,
      "name": ""
    },
    {
      "id": 387,
      "listId": 3,
      "name": "Item 387"
    },
    {
      "id": 852,
      "listId": 2,
      "name": null
    },
    {
      "id": 938,
      "listId": 1,
      "name": ""
    },
    {
      "id": 554,
      "listId": 3,
      "name": null
    },
    {
      "id": 197,
      "listId": 2,
      "name": "Item 197"
    },
    {
      "id": 281,
      "listId": 1,
      "name": null
    },
    {
      "id": 331,
      "listId": 3,
      "name": "Item 331"
    },
    {
      "id": 664,
      "listId": 2,
      "name": null
    },
    {
      "id": 805,
      "listId": 1,
      "name": "Item 805"
    },
    {
      "id": 503,
      "listId": 3,
      "name": null
    },
    {
      "id": 352,
      "listId": 3,
      "name": ""
    },
    {
      "id": 201,
      "listId": 1,
      "name": "Item 201"
    },
    {
      "id": 900,
      "listId": 2,
      "name": "Item 900"
    },
    {
      "id": 928,
      "listId": 2,
      "name": "Item 928"
    },
    {
      "id": 594,
      "listId": 4,
      "name": "Item 594"
    },
    {
      "id": 724,
      "listId": 2,
      "name": ""
    },
    {
      "id": 558,
      "listId": 2,
      "name": ""
    },
    {
      "id": 179,
      "listId": 2,
      "name": null
    },
    {
      "id": 899,
      "listId": 3,
      "name": null
    },
    {
      "id": 548,
      "listId": 1,
      "name": "Item 548"
    },
    {
      "id": 636,
      "listId": 3,
      "name": ""
    },
    {
      "id": 590,
      "listId": 2,
      "name": ""
    },
    {
      "id": 483,
      "listId": 3,
      "name": ""
    },
    {
      "id": 693,
      "listId": 3,
      "name": "Item 693"
    },
    {
      "id": 129,
      "listId": 1,
      "name": null
    },
    {
      "id": 832,
      "listId": 2,
      "name": null
    },
    {
      "id": 737,
      "listId": 4,
      "name": "Item 737"
    },
    {
      "id": 651,
      "listId": 3,
      "name": null
    },
    {
      "id": 682,
      "listId": 3,
      "name": null
    },
    {
      "id": 530,
      "listId": 2,
      "name": ""
    },
    {
      "id": 265,
      "listId": 2,
      "name": "Item 265"
    },
    {
      "id": 762,
      "listId": 2,
      "name": ""
    },
    {
      "id": 445,
      "listId": 2,
      "name": null
    },
    {
      "id": 763,
      "listId": 2,
      "name": "Item 763"
    },
    {
      "id": 581,
      "listId": 3,
      "name": "Item 581"
    },
    {
      "id": 407,
      "listId": 4,
      "name": ""
    },
    {
      "id": 615,
      "listId": 2,
      "name": null
    },
    {
      "id": 807,
      "listId": 2,
      "name": ""
    },
    {
      "id": 149,
      "listId": 4,
      "name": null
    },
    {
      "id": 777,
      "listId": 2,
      "name": "Item 777"
    },
    {
      "id": 864,
      "listId": 3,
      "name": null
    },
    {
      "id": 609,
      "listId": 1,
      "name": null
    },
    {
      "id": 997,
      "listId": 4,
      "name": null
    },
    {
      "id": 610,
      "listId": 4,
      "name": null
    },
    {
      "id": 47,
      "listId": 3,
      "name": "Item 47"
    },
    {
      "id": 527,
      "listId": 3,
      "name": ""
    },
    {
      "id": 101,
      "listId": 1,
      "name": "Item 101"
    },
    {
      "id": 492,
      "listId": 3,
      "name": ""
    },
    {
      "id": 933,
      "listId": 3,
      "name": ""
    },
    {
      "id": 494,
      "listId": 2,
      "name": ""
    },
    {
      "id": 878,
      "listId": 2,
      "name": ""
    },
    {
      "id": 879,
      "listId": 4,
      "name": "Item 879"
    },
    {
      "id": 522,
      "listId": 1,
      "name": null
    },
    {
      "id": 950,
      "listId": 4,
      "name": "Item 950"
    },
    {
      "id": 379,
      "listId": 1,
      "name": ""
    },
    {
      "id": 175,
      "listId": 2,
      "name": null
    },
    {
      "id": 81,
      "listId": 1,
      "name": ""
    },
    {
      "id": 929,
      "listId": 1,
      "name": "Item 929"
    },
    {
      "id": 539,
      "listId": 2,
      "name": null
    },
    {
      "id": 515,
      "listId": 2,
      "name": null
    },
    {
      "id": 995,
      "listId": 1,
      "name": ""
    },
    {
      "id": 267,
      "listId": 3,
      "name": ""
    },
    {
      "id": 183,
      "listId": 4,
      "name": ""
    },
    {
      "id": 376,
      "listId": 1,
      "name": "Item 376"
    },
    {
      "id": 182,
      "listId": 2,
      "name": "Item 182"
    },
    {
      "id": 573,
      "listId": 2,
      "name": "Item 573"
    },
    {
      "id": 754,
      "listId": 4,
      "name": "Item 754"
    },
    {
      "id": 221,
      "listId": 2,
      "name": "Item 221"
    },
    {
      "id": 843,
      "listId": 2,
      "name": "Item 843"
    },
    {
      "id": 990,
      "listId": 3,
      "name": ""
    },
    {
      "id": 158,
      "listId": 4,
      "name": null
    },
    {
      "id": 920,
      "listId": 1,
      "name": "Item 920"
    },
    {
      "id": 121,
      "listId": 3,
      "name": ""
    },
    {
      "id": 134,
      "listId": 4,
      "name": null
    },
    {
      "id": 176,
      "listId": 3,
      "name": "Item 176"
    },
    {
      "id": 324,
      "listId": 3,
      "name": "Item 324"
    },
    {
      "id": 428,
      "listId": 1,
      "name": null
    },
    {
      "id": 634,
      "listId": 1,
      "name": null
    },
    {
      "id": 932,
      "listId": 3,
      "name": ""
    },
    {
      "id": 822,
      "listId": 3,
      "name": ""
    },
    {
      "id": 985,
      "listId": 3,
      "name": "Item 985"
    },
    {
      "id": 998,
      "listId": 3,
      "name": "Item 998"
    },
    {
      "id": 404,
      "listId": 4,
      "name": null
    },
    {
      "id": 994,
      "listId": 3,
      "name": "Item 994"
    },
    {
      "id": 131,
      "listId": 2,
      "name": null
    },
    {
      "id": 836,
      "listId": 2,
      "name": ""
    },
    {
      "id": 516,
      "listId": 4,
      "name": null
    },
    {
      "id": 760,
      "listId": 3,
      "name": null
    },
    {
      "id": 415,
      "listId": 1,
      "name": "Item 415"
    },
    {
      "id": 511,
      "listId": 3,
      "name": "Item 511"
    },
    {
      "id": 606,
      "listId": 2,
      "name": ""
    },
    {
      "id": 532,
      "listId": 4,
      "name": ""
    },
    {
      "id": 139,
      "listId": 2,
      "name": "Item 139"
    },
    {
      "id": 393,
      "listId": 4,
      "name": "Item 393"
    },
    {
      "id": 703,
      "listId": 1,
      "name": null
    },
    {
      "id": 411,
      "listId": 1,
      "name": ""
    },
    {
      "id": 247,
      "listId": 2,
      "name": null
    },
    {
      "id": 523,
      "listId": 4,
      "name": "Item 523"
    },
    {
      "id": 604,
      "listId": 3,
      "name": "Item 604"
    },
    {
      "id": 766,
      "listId": 4,
      "name": "Item 766"
    },
    {
      "id": 582,
      "listId": 1,
      "name": null
    },
    {
      "id": 347,
      "listId": 4,
      "name": ""
    },
    {
      "id": 996,
      "listId": 2,
      "name": "Item 996"
    },
    {
      "id": 146,
      "listId": 2,
      "name": ""
    },
    {
      "id": 140,
      "listId": 3,
      "name": null
    },
    {
      "id": 603,
      "listId": 2,
      "name": null
    },
    {
      "id": 108,
      "listId": 2,
      "name": ""
    },
    {
      "id": 343,
      "listId": 3,
      "name": ""
    },
    {
      "id": 237,
      "listId": 3,
      "name": ""
    },
    {
      "id": 488,
      "listId": 1,
      "name": ""
    },
    {
      "id": 109,
      "listId": 4,
      "name": ""
    },
    {
      "id": 538,
      "listId": 2,
      "name": null
    },
    {
      "id": 260,
      "listId": 4,
      "name": ""
    },
    {
      "id": 722,
      "listId": 3,
      "name": ""
    },
    {
      "id": 259,
      "listId": 2,
      "name": "Item 259"
    },
    {
      "id": 696,
      "listId": 2,
      "name": null
    },
    {
      "id": 533,
      "listId": 3,
      "name": "Item 533"
    },
    {
      "id": 354,
      "listId": 3,
      "name": ""
    },
    {
      "id": 528,
      "listId": 2,
      "name": ""
    },
    {
      "id": 368,
      "listId": 3,
      "name": "Item 368"
    },
    {
      "id": 652,
      "listId": 2,
      "name": ""
    },
    {
      "id": 384,
      "listId": 4,
      "name": "Item 384"
    },
    {
      "id": 430,
      "listId": 2,
      "name": "Item 430"
    },
    {
      "id": 875,
      "listId": 2,
      "name": "Item 875"
    },
    {
      "id": 323,
      "listId": 3,
      "name": null
    },
    {
      "id": 891,
      "listId": 1,
      "name": "Item 891"
    },
    {
      "id": 290,
      "listId": 2,
      "name": ""
    },
    {
      "id": 612,
      "listId": 4,
      "name": ""
    },
    {
      "id": 322,
      "listId": 2,
      "name": null
    },
    {
      "id": 13,
      "listId": 3,
      "name": ""
    },
    {
      "id": 34,
      "listId": 1,
      "name": ""
    },
    {
      "id": 396,
      "listId": 4,
      "name": null
    },
    {
      "id": 856,
      "listId": 4,
      "name": ""
    },
    {
      "id": 222,
      "listId": 2,
      "name": ""
    },
    {
      "id": 433,
      "listId": 3,
      "name": "Item 433"
    },
    {
      "id": 586,
      "listId": 1,
      "name": null
    },
    {
      "id": 536,
      "listId": 1,
      "name": "Item 536"
    },
    {
      "id": 443,
      "listId": 2,
      "name": ""
    },
    {
      "id": 341,
      "listId": 2,
      "name": "Item 341"
    },
    {
      "id": 124,
      "listId": 2,
      "name": ""
    },
    {
      "id": 35,
      "listId": 4,
      "name": ""
    },
    {
      "id": 816,
      "listId": 3,
      "name": "Item 816"
    },
    {
      "id": 847,
      "listId": 4,
      "name": "Item 847"
    },
    {
      "id": 118,
      "listId": 2,
      "name": null
    },
    {
      "id": 187,
      "listId": 3,
      "name": ""
    },
    {
      "id": 283,
      "listId": 1,
      "name": null
    },
    {
      "id": 356,
      "listId": 3,
      "name": "Item 356"
    },
    {
      "id": 79,
      "listId": 4,
      "name": ""
    },
    {
      "id": 632,
      "listId": 4,
      "name": null
    },
    {
      "id": 882,
      "listId": 4,
      "name": ""
    },
    {
      "id": 541,
      "listId": 4,
      "name": null
    },
    {
      "id": 647,
      "listId": 1,
      "name": null
    },
    {
      "id": 948,
      "listId": 1,
      "name": ""
    },
    {
      "id": 97,
      "listId": 3,
      "name": ""
    },
    {
      "id": 671,
      "listId": 4,
      "name": ""
    },
    {
      "id": 794,
      "listId": 4,
      "name": "Item 794"
    },
    {
      "id": 241,
      "listId": 3,
      "name": "Item 241"
    },
    {
      "id": 111,
      "listId": 1,
      "name": null
    },
    {
      "id": 335,
      "listId": 4,
      "name": "Item 335"
    },
    {
      "id": 390,
      "listId": 2,
      "name": "Item 390"
    },
    {
      "id": 570,
      "listId": 4,
      "name": null
    },
    {
      "id": 827,
      "listId": 1,
      "name": "Item 827"
    },
    {
      "id": 490,
      "listId": 1,
      "name": ""
    },
    {
      "id": 284,
      "listId": 4,
      "name": "Item 284"
    },
    {
      "id": 181,
      "listId": 1,
      "name": "Item 181"
    },
    {
      "id": 4,
      "listId": 1,
      "name": "Item 4"
    },
    {
      "id": 36,
      "listId": 2,
      "name": null
    },
    {
      "id": 870,
      "listId": 2,
      "name": ""
    },
    {
      "id": 865,
      "listId": 3,
      "name": ""
    },
    {
      "id": 3,
      "listId": 2,
      "name": "Item 3"
    },
    {
      "id": 546,
      "listId": 2,
      "name": "Item 546"
    },
    {
      "id": 728,
      "listId": 2,
      "name": ""
    },
    {
      "id": 811,
      "listId": 2,
      "name": ""
    },
    {
      "id": 360,
      "listId": 4,
      "name": null
    },
    {
      "id": 303,
      "listId": 4,
      "name": null
    },
    {
      "id": 620,
      "listId": 1,
      "name": "Item 620"
    },
    {
      "id": 730,
      "listId": 3,
      "name": null
    },
    {
      "id": 659,
      "listId": 3,
      "name": ""
    },
    {
      "id": 351,
      "listId": 2,
      "name": ""
    },
    {
      "id": 983,
      "listId": 2,
      "name": ""
    },
    {
      "id": 332,
      "listId": 4,
      "name": ""
    },
    {
      "id": 953,
      "listId": 3,
      "name": ""
    },
    {
      "id": 668,
      "listId": 3,
      "name": ""
    },
    {
      "id": 206,
      "listId": 4,
      "name": "Item 206"
    },
    {
      "id": 414,
      "listId": 1,
      "name": "Item 414"
    },
    {
      "id": 627,
      "listId": 1,
      "name": "Item 627"
    },
    {
      "id": 44,
      "listId": 1,
      "name": ""
    },
    {
      "id": 37,
      "listId": 4,
      "name": ""
    },
    {
      "id": 745,
      "listId": 2,
      "name": ""
    },
    {
      "id": 355,
      "listId": 3,
      "name": null
    },
    {
      "id": 727,
      "listId": 1,
      "name": "Item 727"
    },
    {
      "id": 685,
      "listId": 2,
      "name": null
    },
    {
      "id": 279,
      "listId": 3,
      "name": null
    },
    {
      "id": 542,
      "listId": 4,
      "name": ""
    },
    {
      "id": 776,
      "listId": 3,
      "name": ""
    },
    {
      "id": 225,
      "listId": 2,
      "name": ""
    },
    {
      "id": 971,
      "listId": 3,
      "name": "Item 971"
    },
    {
      "id": 890,
      "listId": 2,
      "name": "Item 890"
    },
    {
      "id": 482,
      "listId": 4,
      "name": "Item 482"
    },
    {
      "id": 957,
      "listId": 2,
      "name": ""
    },
    {
      "id": 708,
      "listId": 2,
      "name": ""
    },
    {
      "id": 116,
      "listId": 3,
      "name": ""
    },
    {
      "id": 164,
      "listId": 2,
      "name": "Item 164"
    },
    {
      "id": 339,
      "listId": 2,
      "name": "Item 339"
    },
    {
      "id": 552,
      "listId": 2,
      "name": null
    },
    {
      "id": 29,
      "listId": 1,
      "name": "Item 29"
    },
    {
      "id": 2,
      "listId": 1,
      "name": ""
    },
    {
      "id": 22,
      "listId": 4,
      "name": null
    },
    {
      "id": 67,
      "listId": 2,
      "name": "Item 67"
    },
    {
      "id": 85,
      "listId": 1,
      "name": "Item 85"
    },
    {
      "id": 133,
      "listId": 1,
      "name": null
    },
    {
      "id": 791,
      "listId": 1,
      "name": "Item 791"
    },
    {
      "id": 194,
      "listId": 4,
      "name": ""
    },
    {
      "id": 186,
      "listId": 4,
      "name": "Item 186"
    },
    {
      "id": 408,
      "listId": 3,
      "name": null
    },
    {
      "id": 679,
      "listId": 4,
      "name": null
    },
    {
      "id": 676,
      "listId": 1,
      "name": null
    },
    {
      "id": 128,
      "listId": 4,
      "name": ""
    },
    {
      "id": 54,
      "listId": 1,
      "name": "Item 54"
    },
    {
      "id": 167,
      "listId": 1,
      "name": null
    },
    {
      "id": 119,
      "listId": 4,
      "name": "Item 119"
    },
    {
      "id": 80,
      "listId": 3,
      "name": null
    },
    {
      "id": 622,
      "listId": 4,
      "name": null
    },
    {
      "id": 385,
      "listId": 1,
      "name": ""
    },
    {
      "id": 423,
      "listId": 2,
      "name": ""
    },
    {
      "id": 579,
      "listId": 2,
      "name": ""
    },
    {
      "id": 757,
      "listId": 1,
      "name": null
    },
    {
      "id": 268,
      "listId": 1,
      "name": null
    },
    {
      "id": 587,
      "listId": 1,
      "name": "Item 587"
    },
    {
      "id": 431,
      "listId": 4,
      "name": null
    },
    {
      "id": 239,
      "listId": 2,
      "name": ""
    },
    {
      "id": 872,
      "listId": 4,
      "name": ""
    },
    {
      "id": 487,
      "listId": 3,
      "name": ""
    },
    {
      "id": 531,
      "listId": 3,
      "name": null
    },
    {
      "id": 469,
      "listId": 4,
      "name": "Item 469"
    },
    {
      "id": 630,
      "listId": 4,
      "name": ""
    },
    {
      "id": 377,
      "listId": 2,
      "name": ""
    },
    {
      "id": 798,
      "listId": 2,
      "name": "Item 798"
    },
    {
      "id": 751,
      "listId": 3,
      "name": null
    },
    {
      "id": 723,
      "listId": 2,
      "name": ""
    },
    {
      "id": 595,
      "listId": 3,
      "name": ""
    },
    {
      "id": 382,
      "listId": 3,
      "name": null
    },
    {
      "id": 976,
      "listId": 1,
      "name": ""
    },
    {
      "id": 147,
      "listId": 1,
      "name": "Item 147"
    },
    {
      "id": 930,
      "listId": 1,
      "name": "Item 930"
    },
    {
      "id": 909,
      "listId": 3,
      "name": null
    },
    {
      "id": 190,
      "listId": 1,
      "name": ""
    },
    {
      "id": 614,
      "listId": 1,
      "name": null
    },
    {
      "id": 717,
      "listId": 3,
      "name": null
    },
    {
      "id": 77,
      "listId": 4,
      "name": ""
    },
    {
      "id": 432,
      "listId": 2,
      "name": null
    },
    {
      "id": 892,
      "listId": 4,
      "name": ""
    },
    {
      "id": 165,
      "listId": 4,
      "name": null
    },
    {
      "id": 90,
      "listId": 1,
      "name": "Item 90"
    },
    {
      "id": 60,
      "listId": 4,
      "name": "Item 60"
    },
    {
      "id": 849,
      "listId": 4,
      "name": null
    },
    {
      "id": 300,
      "listId": 3,
      "name": ""
    },
    {
      "id": 21,
      "listId": 2,
      "name": "Item 21"
    },
    {
      "id": 987,
      "listId": 4,
      "name": ""
    },
    {
      "id": 112,
      "listId": 3,
      "name": ""
    },
    {
      "id": 963,
      "listId": 1,
      "name": ""
    },
    {
      "id": 291,
      "listId": 1,
      "name": ""
    },
    {
      "id": 19,
      "listId": 3,
      "name": "Item 19"
    },
    {
      "id": 786,
      "listId": 4,
      "name": null
    },
    {
      "id": 285,
      "listId": 1,
      "name": null
    },
    {
      "id": 461,
      "listId": 3,
      "name": null
    },
    {
      "id": 592,
      "listId": 2,
      "name": "Item 592"
    },
    {
      "id": 719,
      "listId": 2,
      "name": null
    },
    {
      "id": 14,
      "listId": 1,
      "name": ""
    },
    {
      "id": 117,
      "listId": 3,
      "name": null
    },
    {
      "id": 211,
      "listId": 1,
      "name": "Item 211"
    },
    {
      "id": 191,
      "listId": 3,
      "name": ""
    },
    {
      "id": 914,
      "listId": 3,
      "name": "Item 914"
    },
    {
      "id": 434,
      "listId": 2,
      "name": "Item 434"
    },
    {
      "id": 556,
      "listId": 3,
      "name": "Item 556"
    },
    {
      "id": 698,
      "listId": 3,
      "name": null
    },
    {
      "id": 296,
      "listId": 2,
      "name": "Item 296"
    },
    {
      "id": 923,
      "listId": 1,
      "name": "Item 923"
    },
    {
      "id": 583,
      "listId": 1,
      "name": null
    },
    {
      "id": 823,
      "listId": 4,
      "name": "Item 823"
    },
    {
      "id": 148,
      "listId": 2,
      "name": "Item 148"
    },
    {
      "id": 378,
      "listId": 1,
      "name": ""
    },
    {
      "id": 506,
      "listId": 1,
      "name": ""
    },
    {
      "id": 885,
      "listId": 4,
      "name": null
    },
    {
      "id": 526,
      "listId": 1,
      "name": ""
    },
    {
      "id": 512,
      "listId": 2,
      "name": "Item 512"
    },
    {
      "id": 72,
      "listId": 3,
      "name": ""
    },
    {
      "id": 965,
      "listId": 2,
      "name": null
    },
    {
      "id": 645,
      "listId": 4,
      "name": "Item 645"
    },
    {
      "id": 666,
      "listId": 3,
      "name": "Item 666"
    },
    {
      "id": 297,
      "listId": 4,
      "name": ""
    },
    {
      "id": 346,
      "listId": 4,
      "name": null
    },
    {
      "id": 458,
      "listId": 1,
      "name": "Item 458"
    },
    {
      "id": 402,
      "listId": 2,
      "name": null
    },
    {
      "id": 57,
      "listId": 1,
      "name": null
    },
    {
      "id": 24,
      "listId": 4,
      "name": "Item 24"
    },
    {
      "id": 638,
      "listId": 1,
      "name": null
    },
    {
      "id": 412,
      "listId": 3,
      "name": null
    },
    {
      "id": 386,
      "listId": 1,
      "name": ""
    },
    {
      "id": 759,
      "listId": 3,
      "name": "Item 759"
    },
    {
      "id": 915,
      "listId": 2,
      "name": ""
    },
    {
      "id": 673,
      "listId": 1,
      "name": null
    },
    {
      "id": 618,
      "listId": 4,
      "name": null
    },
    {
      "id": 345,
      "listId": 4,
      "name": "Item 345"
    },
    {
      "id": 826,
      "listId": 2,
      "name": ""
    },
    {
      "id": 278,
      "listId": 2,
      "name": null
    },
    {
      "id": 329,
      "listId": 2,
      "name": "Item 329"
    },
    {
      "id": 51,
      "listId": 1,
      "name": null
    },
    {
      "id": 342,
      "listId": 1,
      "name": "Item 342"
    },
    {
      "id": 271,
      "listId": 2,
      "name": ""
    },
    {
      "id": 50,
      "listId": 1,
      "name": "Item 50"
    },
    {
      "id": 916,
      "listId": 3,
      "name": "Item 916"
    },
    {
      "id": 505,
      "listId": 1,
      "name": ""
    },
    {
      "id": 648,
      "listId": 2,
      "name": null
    },
    {
      "id": 874,
      "listId": 4,
      "name": null
    },
    {
      "id": 631,
      "listId": 4,
      "name": ""
    },
    {
      "id": 86,
      "listId": 2,
      "name": null
    },
    {
      "id": 437,
      "listId": 1,
      "name": null
    },
    {
      "id": 497,
      "listId": 2,
      "name": "Item 497"
    },
    {
      "id": 435,
      "listId": 1,
      "name": ""
    },
    {
      "id": 395,
      "listId": 1,
      "name": "Item 395"
    },
    {
      "id": 978,
      "listId": 2,
      "name": "Item 978"
    },
    {
      "id": 574,
      "listId": 1,
      "name": null
    },
    {
      "id": 908,
      "listId": 4,
      "name": "Item 908"
    },
    {
      "id": 783,
      "listId": 2,
      "name": ""
    },
    {
      "id": 336,
      "listId": 4,
      "name": null
    },
    {
      "id": 18,
      "listId": 1,
      "name": null
    },
    {
      "id": 159,
      "listId": 1,
      "name": null
    },
    {
      "id": 306,
      "listId": 4,
      "name": ""
    },
    {
      "id": 753,
      "listId": 2,
      "name": ""
    },
    {
      "id": 738,
      "listId": 2,
      "name": null
    },
    {
      "id": 252,
      "listId": 1,
      "name": null
    },
    {
      "id": 464,
      "listId": 3,
      "name": "Item 464"
    },
    {
      "id": 782,
      "listId": 3,
      "name": null
    },
    {
      "id": 460,
      "listId": 1,
      "name": null
    },
    {
      "id": 886,
      "listId": 2,
      "name": "Item 886"
    },
    {
      "id": 365,
      "listId": 1,
      "name": null
    },
    {
      "id": 742,
      "listId": 4,
      "name": ""
    },
    {
      "id": 448,
      "listId": 2,
      "name": ""
    },
    {
      "id": 619,
      "listId": 2,
      "name": "Item 619"
    },
    {
      "id": 747,
      "listId": 3,
      "name": null
    },
    {
      "id": 457,
      "listId": 1,
      "name": ""
    },
    {
      "id": 230,
      "listId": 2,
      "name": null
    },
    {
      "id": 367,
      "listId": 3,
      "name": null
    },
    {
      "id": 955,
      "listId": 2,
      "name": "Item 955"
    },
    {
      "id": 692,
      "listId": 1,
      "name": null
    },
    {
      "id": 855,
      "listId": 3,
      "name": ""
    },
    {
      "id": 20,
      "listId": 4,
      "name": ""
    },
    {
      "id": 867,
      "listId": 1,
      "name": ""
    },
    {
      "id": 758,
      "listId": 2,
      "name": ""
    },
    {
      "id": 166,
      "listId": 3,
      "name": ""
    },
    {
      "id": 667,
      "listId": 3,
      "name": ""
    },
    {
      "id": 701,
      "listId": 4,
      "name": "Item 701"
    },
    {
      "id": 765,
      "listId": 3,
      "name": null
    },
    {
      "id": 876,
      "listId": 4,
      "name": null
    },
    {
      "id": 845,
      "listId": 3,
      "name": null
    },
    {
      "id": 436,
      "listId": 3,
      "name": ""
    },
    {
      "id": 616,
      "listId": 1,
      "name": null
    },
    {
      "id": 835,
      "listId": 1,
      "name": null
    },
    {
      "id": 936,
      "listId": 3,
      "name": null
    },
    {
      "id": 75,
      "listId": 3,
      "name": "Item 75"
    },
    {
      "id": 921,
      "listId": 3,
      "name": ""
    },
    {
      "id": 170,
      "listId": 3,
      "name": ""
    },
    {
      "id": 261,
      "listId": 2,
      "name": "Item 261"
    },
    {
      "id": 611,
      "listId": 3,
      "name": ""
    },
    {
      "id": 426,
      "listId": 4,
      "name": "Item 426"
    },
    {
      "id": 399,
      "listId": 4,
      "name": "Item 399"
    },
    {
      "id": 62,
      "listId": 3,
      "name": null
    },
    {
      "id": 810,
      "listId": 4,
      "name": ""
    },
    {
      "id": 557,
      "listId": 1,
      "name": ""
    },
    {
      "id": 509,
      "listId": 2,
      "name": null
    },
    {
      "id": 104,
      "listId": 2,
      "name": null
    },
    {
      "id": 877,
      "listId": 3,
      "name": ""
    },
    {
      "id": 171,
      "listId": 3,
      "name": null
    },
    {
      "id": 441,
      "listId": 4,
      "name": null
    },
    {
      "id": 266,
      "listId": 2,
      "name": ""
    },
    {
      "id": 477,
      "listId": 4,
      "name": ""
    },
    {
      "id": 485,
      "listId": 1,
      "name": "Item 485"
    },
    {
      "id": 76,
      "listId": 4,
      "name": "Item 76"
    },
    {
      "id": 563,
      "listId": 3,
      "name": ""
    },
    {
      "id": 853,
      "listId": 3,
      "name": null
    },
    {
      "id": 38,
      "listId": 1,
      "name": ""
    },
    {
      "id": 931,
      "listId": 4,
      "name": ""
    },
    {
      "id": 884,
      "listId": 4,
      "name": ""
    },
    {
      "id": 555,
      "listId": 4,
      "name": "Item 555"
    },
    {
      "id": 495,
      "listId": 2,
      "name": ""
    },
    {
      "id": 964,
      "listId": 2,
      "name": null
    },
    {
      "id": 6,
      "listId": 2,
      "name": "Item 6"
    },
    {
      "id": 774,
      "listId": 1,
      "name": null
    },
    {
      "id": 421,
      "listId": 4,
      "name": null
    },
    {
      "id": 672,
      "listId": 2,
      "name": null
    },
    {
      "id": 960,
      "listId": 3,
      "name": "Item 960"
    },
    {
      "id": 350,
      "listId": 4,
      "name": "Item 350"
    },
    {
      "id": 859,
      "listId": 4,
      "name": ""
    },
    {
      "id": 790,
      "listId": 1,
      "name": "Item 790"
    },
    {
      "id": 499,
      "listId": 2,
      "name": null
    },
    {
      "id": 212,
      "listId": 4,
      "name": null
    },
    {
      "id": 654,
      "listId": 3,
      "name": "Item 654"
    },
    {
      "id": 772,
      "listId": 4,
      "name": "Item 772"
    },
    {
      "id": 803,
      "listId": 1,
      "name": null
    },
    {
      "id": 321,
      "listId": 4,
      "name": ""
    },
    {
      "id": 270,
      "listId": 3,
      "name": ""
    },
    {
      "id": 8,
      "listId": 4,
      "name": "Item 8"
    },
    {
      "id": 486,
      "listId": 4,
      "name": ""
    },
    {
      "id": 982,
      "listId": 4,
      "name": null
    },
    {
      "id": 61,
      "listId": 1,
      "name": ""
    },
    {
      "id": 105,
      "listId": 2,
      "name": "Item 105"
    },
    {
      "id": 214,
      "listId": 3,
      "name": ""
    },
    {
      "id": 372,
      "listId": 1,
      "name": null
    },
    {
      "id": 383,
      "listId": 4,
      "name": ""
    },
    {
      "id": 472,
      "listId": 1,
      "name": ""
    },
    {
      "id": 625,
      "listId": 2,
      "name": null
    }
  ]
}